{"cameraMode":{"drawMode":0,"name":"Shaded","section":"Shading Mode"},"sceneLighting":false,"audioPlay":false,"sceneViewState":{"showFog":true,"showMaterialUpdate":false,"showSkybox":true,"showFlares":true,"showImageEffects":true,"showParticleSystems":true},"in2DMode":false,"pivot":{"x":5493.02099609375,"y":6.04727840423584,"z":4293.21875},"rotation":{"x":0.056841280311346057,"y":-0.938348114490509,"z":0.18711774051189423,"w":0.28505948185920718},"size":3.500178575515747,"orthographic":false}