{"cameraMode":{"drawMode":0,"name":"Shaded","section":"Shading Mode"},"sceneLighting":false,"audioPlay":false,"sceneViewState":{"showFog":true,"showMaterialUpdate":false,"showSkybox":true,"showFlares":true,"showImageEffects":true,"showParticleSystems":true},"in2DMode":false,"pivot":{"x":7889.2685546875,"y":943.5633544921875,"z":13.566360473632813},"rotation":{"x":0.20644080638885499,"y":-0.6486325860023499,"z":0.1892121136188507,"w":0.7077124118804932},"size":2857.8837890625,"orthographic":false}