{"cameraMode":{"drawMode":0,"name":"Shaded","section":"Shading Mode"},"sceneLighting":false,"audioPlay":false,"sceneViewState":{"showFog":true,"showMaterialUpdate":false,"showSkybox":true,"showFlares":true,"showImageEffects":true,"showParticleSystems":true},"in2DMode":false,"pivot":{"x":5498.04345703125,"y":0.8439658880233765,"z":4300.48291015625},"rotation":{"x":0.09319548308849335,"y":-0.011004832573235035,"z":0.001034193322993815,"w":0.9955864548683167},"size":2.672032594680786,"orthographic":false}