{"cameraMode":{"drawMode":0,"name":"Shaded","section":"Shading Mode"},"sceneLighting":true,"audioPlay":false,"sceneViewState":{"showFog":true,"showMaterialUpdate":false,"showSkybox":true,"showFlares":true,"showImageEffects":true,"showParticleSystems":true},"in2DMode":false,"pivot":{"x":7000.9453125,"y":754.80078125,"z":3131.3232421875},"rotation":{"x":-0.07007142901420593,"y":0.902890145778656,"z":-0.39225220680236819,"w":-0.16129983961582185},"size":6386.42529296875,"orthographic":false}